"k","alpha","omega","stabilite"
2,0,0,0.84750567795449
3,0,0,0.947122402094103
4,0,0,0.769123404718736
5,0,0,0.715834256864192
6,0,0,0.775017161352408
2,0.05,0,0.855539452914619
3,0.05,0,0.953817295690178
4,0.05,0,0.752908365310219
5,0.05,0,0.734880755082754
6,0.05,0,0.78194161413603
2,0.1,0,0.83727453862551
3,0.1,0,0.941658210181311
4,0.1,0,0.760951638348768
5,0.1,0,0.711227208670403
6,0.1,0,0.77561236538151
2,0.15,0,0.856278901059735
3,0.15,0,0.955128069411948
4,0.15,0,0.772023679080561
5,0.15,0,0.708714304297545
6,0.15,0,0.76372053669531
2,0.2,0,0.844088188336258
3,0.2,0,0.947227924545517
4,0.2,0,0.751651173815438
5,0.2,0,0.710780805181636
6,0.2,0,0.764717275733965
2,0.25,0,0.859504320405193
3,0.25,0,0.959195809953596
4,0.25,0,0.754201865583185
5,0.25,0,0.738768729910145
6,0.25,0,0.770235551988407
2,0.3,0,0.86739403483933
3,0.3,0,0.952219224900916
4,0.3,0,0.750889445423708
5,0.3,0,0.700494689313136
6,0.3,0,0.771266775645092
2,0.35,0,0.84636995976452
3,0.35,0,0.952634066268011
4,0.35,0,0.750670275576608
5,0.35,0,0.704354347175348
6,0.35,0,0.777844631026269
2,0.4,0,0.840745032524267
3,0.4,0,0.945685889343412
4,0.4,0,0.763577348310131
5,0.4,0,0.731711837310112
6,0.4,0,0.7676640008705
2,0.45,0,0.833276995508038
3,0.45,0,0.954629971759014
4,0.45,0,0.738467470136849
5,0.45,0,0.726813600580721
6,0.45,0,0.762888056142049
2,0.5,0,0.850688116571302
3,0.5,0,0.94966215138466
4,0.5,0,0.757949511442165
5,0.5,0,0.699874682168613
6,0.5,0,0.755410621440512
2,0.55,0,0.85704429764216
3,0.55,0,0.955716333841447
4,0.55,0,0.764057383984732
5,0.55,0,0.740649093908635
6,0.55,0,0.78488796741651
2,0.6,0,0.851684378644751
3,0.6,0,0.951776004778035
4,0.6,0,0.793799581639385
5,0.6,0,0.700166124481074
6,0.6,0,0.779149813640313
2,0.65,0,0.850773371921259
3,0.65,0,0.94789249188333
4,0.65,0,0.761911425946756
5,0.65,0,0.722923971081428
6,0.65,0,0.764407395460514
2,0.7,0,0.849656141910335
3,0.7,0,0.94288862262881
4,0.7,0,0.750000713774531
5,0.7,0,0.722269976798658
6,0.7,0,0.748884193704205
2,0.75,0,0.845158767521212
3,0.75,0,0.941193710996541
4,0.75,0,0.759479421218013
5,0.75,0,0.709669482366844
6,0.75,0,0.762870314747798
2,0.8,0,0.847478418788135
3,0.8,0,0.950890408990019
4,0.8,0,0.724233715893393
5,0.8,0,0.719304570356012
6,0.8,0,0.768791143127581
2,0.85,0,0.857884776469113
3,0.85,0,0.956680839836752
4,0.85,0,0.746011275409019
5,0.85,0,0.726343574022503
6,0.85,0,0.774617923562823
2,0.9,0,0.86060350766856
3,0.9,0,0.948994359882483
4,0.9,0,0.78246643427412
5,0.9,0,0.713284200709371
6,0.9,0,0.776794591456417
2,0.95,0,0.856526613339605
3,0.95,0,0.947533217974974
4,0.95,0,0.766693307846974
5,0.95,0,0.717954665825816
6,0.95,0,0.773796187444121
2,1,0,0.861890700572194
3,1,0,0.941624125126896
4,1,0,0.77445916003835
5,1,0,0.717331254344842
6,1,0,0.770747416508424
2,0,0.05,0.881762302345894
3,0,0.05,0.857196783811657
4,0,0.05,0.68615898927968
5,0,0.05,0.773473374258248
6,0,0.05,0.825557725472331
2,0.05,0.05,0.905699510509107
3,0.05,0.05,0.882291538754402
4,0.05,0.05,0.716039947773982
5,0.05,0.05,0.773968054070526
6,0.05,0.05,0.817135097595041
2,0.1,0.05,0.879553931700948
3,0.1,0.05,0.901315228864701
4,0.1,0.05,0.606554795954623
5,0.1,0.05,0.609932589361284
6,0.1,0.05,0.757326792138257
2,0.15,0.05,0.88994045053409
3,0.15,0.05,0.895860935684346
4,0.15,0.05,0.70408947931233
5,0.15,0.05,0.594194436605649
6,0.15,0.05,0.759161665874905
2,0.2,0.05,0.885580431992373
3,0.2,0.05,0.905987471816121
4,0.2,0.05,0.615404511634705
5,0.2,0.05,0.742387167647606
6,0.2,0.05,0.76127637293978
2,0.25,0.05,0.893455542216887
3,0.25,0.05,0.912607265717327
4,0.25,0.05,0.615183774708564
5,0.25,0.05,0.722238589040109
6,0.25,0.05,0.759226748136764
2,0.3,0.05,0.907166759606158
3,0.3,0.05,0.92232767918684
4,0.3,0.05,0.652405275356282
5,0.3,0.05,0.774440618931776
6,0.3,0.05,0.759893876169444
2,0.35,0.05,0.90117315096351
3,0.35,0.05,0.932026711107756
4,0.35,0.05,0.670446218841472
5,0.35,0.05,0.73781796407593
6,0.35,0.05,0.742008249621072
2,0.4,0.05,0.883771971691149
3,0.4,0.05,0.940699741809739
4,0.4,0.05,0.691071888263897
5,0.4,0.05,0.750324081852983
6,0.4,0.05,0.761476413967989
2,0.45,0.05,0.863634462511585
3,0.45,0.05,0.932998210608533
4,0.45,0.05,0.691265755918294
5,0.45,0.05,0.771023138431763
6,0.45,0.05,0.844324263404722
2,0.5,0.05,0.878412743364093
3,0.5,0.05,0.92456879949289
4,0.5,0.05,0.703786087658213
5,0.5,0.05,0.758606284524116
6,0.5,0.05,0.842948941649165
2,0.55,0.05,0.86706381425839
3,0.55,0.05,0.939784696371016
4,0.55,0.05,0.69413398482532
5,0.55,0.05,0.779069107875683
6,0.55,0.05,0.85880362398133
2,0.6,0.05,0.867905349368116
3,0.6,0.05,0.949943638811646
4,0.6,0.05,0.692221613635024
5,0.6,0.05,0.762132267160239
6,0.6,0.05,0.852546471447587
2,0.65,0.05,0.876443083395549
3,0.65,0.05,0.944322277546358
4,0.65,0.05,0.691250922906906
5,0.65,0.05,0.749686706708222
6,0.65,0.05,0.853862997655748
2,0.7,0.05,0.826035232937739
3,0.7,0.05,0.942065587911345
4,0.7,0.05,0.700254059697128
5,0.7,0.05,0.754639851044732
6,0.7,0.05,0.862930164949842
2,0.75,0.05,0.842113314196093
3,0.75,0.05,0.929839566088913
4,0.75,0.05,0.663924030298567
5,0.75,0.05,0.790140399466446
6,0.75,0.05,0.809651531303931
2,0.8,0.05,0.842187305403458
3,0.8,0.05,0.928611027980964
4,0.8,0.05,0.702553316574739
5,0.8,0.05,0.748712591276276
6,0.8,0.05,0.826194609231671
2,0.85,0.05,0.853275157118606
3,0.85,0.05,0.941373562573164
4,0.85,0.05,0.716090023279826
5,0.85,0.05,0.756513940221075
6,0.85,0.05,0.826497845898652
2,0.9,0.05,0.846125109379438
3,0.9,0.05,0.93124915478427
4,0.9,0.05,0.643681490403684
5,0.9,0.05,0.726642393160275
6,0.9,0.05,0.811516629261088
2,0.95,0.05,0.872306963690276
3,0.95,0.05,0.934282077223118
4,0.95,0.05,0.642738198501764
5,0.95,0.05,0.719080917391911
6,0.95,0.05,0.83608699747517
2,1,0.05,0.857382973260616
3,1,0.05,0.950083234902371
4,1,0.05,0.661033031082236
5,1,0.05,0.737136770771439
6,1,0.05,0.827696916142715
2,0,0.1,0.88442735602511
3,0,0.1,0.798588162255383
4,0,0.1,0.728456940882972
5,0,0.1,0.830835581385563
6,0,0.1,0.872909103805936
2,0.05,0.1,0.901192866254648
3,0.05,0.1,0.782232821946159
4,0.05,0.1,0.58835328017097
5,0.05,0.1,0.644965738311218
6,0.05,0.1,0.812962421788608
2,0.1,0.1,0.920903042093685
3,0.1,0.1,0.903011836595303
4,0.1,0.1,0.664388176344513
5,0.1,0.1,0.617899689952133
6,0.1,0.1,0.785300502562105
2,0.15,0.1,0.886542823080072
3,0.15,0.1,0.912055236846896
4,0.15,0.1,0.66438637870377
5,0.15,0.1,0.781524870446697
6,0.15,0.1,0.796193677153658
2,0.2,0.1,0.899089095797041
3,0.2,0.1,0.918718809837938
4,0.2,0.1,0.667495994729418
5,0.2,0.1,0.734227020264828
6,0.2,0.1,0.819015509063717
2,0.25,0.1,0.895738281192481
3,0.25,0.1,0.935978345866499
4,0.25,0.1,0.667893178320827
5,0.25,0.1,0.772251743074556
6,0.25,0.1,0.850543691961356
2,0.3,0.1,0.883351866052021
3,0.3,0.1,0.926998508137046
4,0.3,0.1,0.699628146860793
5,0.3,0.1,0.756105522844745
6,0.3,0.1,0.85627827850195
2,0.35,0.1,0.86416529013122
3,0.35,0.1,0.928946688160408
4,0.35,0.1,0.686291416019534
5,0.35,0.1,0.754156014001379
6,0.35,0.1,0.825382073481815
2,0.4,0.1,0.87420825844296
3,0.4,0.1,0.942317360696112
4,0.4,0.1,0.716872303113095
5,0.4,0.1,0.767792955487548
6,0.4,0.1,0.843676213354918
2,0.45,0.1,0.848859170244253
3,0.45,0.1,0.935542054742371
4,0.45,0.1,0.687014210028008
5,0.45,0.1,0.755435695482411
6,0.45,0.1,0.831407821510018
2,0.5,0.1,0.828659674406685
3,0.5,0.1,0.93217800480777
4,0.5,0.1,0.671218560548186
5,0.5,0.1,0.760724005380571
6,0.5,0.1,0.812022043584675
2,0.55,0.1,0.814716727559284
3,0.55,0.1,0.931012574941717
4,0.55,0.1,0.651355911217498
5,0.55,0.1,0.734349902848738
6,0.55,0.1,0.755532261169745
2,0.6,0.1,0.842226134694893
3,0.6,0.1,0.932727858406415
4,0.6,0.1,0.666991018715831
5,0.6,0.1,0.752875605996415
6,0.6,0.1,0.781241381521954
2,0.65,0.1,0.830497077041813
3,0.65,0.1,0.940963152015032
4,0.65,0.1,0.628256516584702
5,0.65,0.1,0.770940143627969
6,0.65,0.1,0.757842996126595
2,0.7,0.1,0.853967903132391
3,0.7,0.1,0.913312981319237
4,0.7,0.1,0.658488736037082
5,0.7,0.1,0.743488781696026
6,0.7,0.1,0.766499460566144
2,0.75,0.1,0.835028855523316
3,0.75,0.1,0.915721430732667
4,0.75,0.1,0.66061436863553
5,0.75,0.1,0.737820675885987
6,0.75,0.1,0.758220672023212
2,0.8,0.1,0.82537393135407
3,0.8,0.1,0.905182760750117
4,0.8,0.1,0.591812266541172
5,0.8,0.1,0.758648236490331
6,0.8,0.1,0.751891692269158
2,0.85,0.1,0.867044149405685
3,0.85,0.1,0.897559273849133
4,0.85,0.1,0.6890315095303
5,0.85,0.1,0.71749103885687
6,0.85,0.1,0.732939618177708
2,0.9,0.1,0.859311246571998
3,0.9,0.1,0.908595060117478
4,0.9,0.1,0.696052851919459
5,0.9,0.1,0.734124726963869
6,0.9,0.1,0.738471897964019
2,0.95,0.1,0.825504041025603
3,0.95,0.1,0.892965553932383
4,0.95,0.1,0.728744380948537
5,0.95,0.1,0.730161293651687
6,0.95,0.1,0.726540335505311
2,1,0.1,0.845061835456947
3,1,0.1,0.895172586579525
4,1,0.1,0.707981148267022
5,1,0.1,0.731904755435028
6,1,0.1,0.715920103695662
2,0,0.15,0.915039074221279
3,0,0.15,0.820717780839933
4,0,0.15,0.711084774382436
5,0,0.15,0.824230373985978
6,0,0.15,0.85362715594083
2,0.05,0.15,0.919167142116539
3,0.05,0.15,0.852192747099407
4,0.05,0.15,0.635718748203137
5,0.05,0.15,0.635177935388031
6,0.05,0.15,0.796865116405567
2,0.1,0.15,0.916227213089061
3,0.1,0.15,0.904270417230284
4,0.1,0.15,0.668481400873364
5,0.1,0.15,0.770276811766483
6,0.1,0.15,0.814569516759785
2,0.15,0.15,0.935639864657993
3,0.15,0.15,0.916196655593325
4,0.15,0.15,0.658187336799003
5,0.15,0.15,0.727344139404411
6,0.15,0.15,0.827941436950057
2,0.2,0.15,0.907487909654926
3,0.2,0.15,0.918546957520792
4,0.2,0.15,0.670864224847467
5,0.2,0.15,0.719228184730269
6,0.2,0.15,0.791971212771271
2,0.25,0.15,0.888407254554802
3,0.25,0.15,0.913886925613773
4,0.25,0.15,0.647803347212012
5,0.25,0.15,0.720893356028112
6,0.25,0.15,0.773695546013979
2,0.3,0.15,0.868933861487974
3,0.3,0.15,0.951988315946703
4,0.3,0.15,0.668170615036359
5,0.3,0.15,0.63766694014091
6,0.3,0.15,0.747260216842655
2,0.35,0.15,0.852215073388956
3,0.35,0.15,0.940928942188675
4,0.35,0.15,0.681535854142707
5,0.35,0.15,0.674044192994333
6,0.35,0.15,0.766429579815512
2,0.4,0.15,0.871624481059597
3,0.4,0.15,0.907300991372589
4,0.4,0.15,0.670557503665965
5,0.4,0.15,0.681440141116041
6,0.4,0.15,0.773140877414731
2,0.45,0.15,0.828813730633869
3,0.45,0.15,0.922340981137289
4,0.45,0.15,0.567843620420843
5,0.45,0.15,0.669447782647737
6,0.45,0.15,0.769731600171123
2,0.5,0.15,0.787649236177961
3,0.5,0.15,0.921842676274978
4,0.5,0.15,0.586993596102371
5,0.5,0.15,0.67811196068086
6,0.5,0.15,0.709818927420762
2,0.55,0.15,0.828034104386334
3,0.55,0.15,0.896196960019213
4,0.55,0.15,0.544344992684583
5,0.55,0.15,0.663392558528042
6,0.55,0.15,0.700066711077856
2,0.6,0.15,0.835225606563781
3,0.6,0.15,0.891961921138831
4,0.6,0.15,0.651157282731668
5,0.6,0.15,0.639650343812258
6,0.6,0.15,0.707137274826465
2,0.65,0.15,0.825598091595483
3,0.65,0.15,0.869460700502886
4,0.65,0.15,0.669986141460773
5,0.65,0.15,0.644903496658015
6,0.65,0.15,0.699054391520204
2,0.7,0.15,0.825867041191058
3,0.7,0.15,0.860566768235469
4,0.7,0.15,0.683432563361787
5,0.7,0.15,0.64841066612697
6,0.7,0.15,0.693412515808751
2,0.75,0.15,0.795991059206807
3,0.75,0.15,0.8584374795283
4,0.75,0.15,0.694057675525664
5,0.75,0.15,0.647564153121101
6,0.75,0.15,0.671201289040258
2,0.8,0.15,0.822022504247049
3,0.8,0.15,0.818285550845802
4,0.8,0.15,0.712095381136213
5,0.8,0.15,0.659158110387131
6,0.8,0.15,0.636910980502152
2,0.85,0.15,0.800518521206302
3,0.85,0.15,0.816654871224529
4,0.85,0.15,0.706169074618423
5,0.85,0.15,0.661719444311592
6,0.85,0.15,0.676868746230219
2,0.9,0.15,0.841544716351075
3,0.9,0.15,0.827070636423756
4,0.9,0.15,0.718869343632176
5,0.9,0.15,0.635388630292682
6,0.9,0.15,0.641603871592494
2,0.95,0.15,0.852094611381107
3,0.95,0.15,0.79238165003141
4,0.95,0.15,0.677678124079979
5,0.95,0.15,0.642094961972585
6,0.95,0.15,0.682002430280617
2,1,0.15,0.879275921506197
3,1,0.15,0.767732734164043
4,1,0.15,0.71274795937832
5,1,0.15,0.614633040701441
6,1,0.15,0.703673312381079
2,0,0.2,0.930251934364112
3,0,0.2,0.847953868320876
4,0,0.2,0.700663852294805
5,0,0.2,0.76398069496981
6,0,0.2,0.799990697472876
2,0.05,0.2,0.928124971730402
3,0.05,0.2,0.804938676104219
4,0.05,0.2,0.656985293232666
5,0.05,0.2,0.732544666190848
6,0.05,0.2,0.768004351569853
2,0.1,0.2,0.925068640605534
3,0.1,0.2,0.867676951620296
4,0.1,0.2,0.606078887608599
5,0.1,0.2,0.714727103911548
6,0.1,0.2,0.768701036672715
2,0.15,0.2,0.911797837206949
3,0.15,0.2,0.891395446842093
4,0.15,0.2,0.594204031822211
5,0.15,0.2,0.705505995293155
6,0.15,0.2,0.76923720720663
2,0.2,0.2,0.917801864146167
3,0.2,0.2,0.892170066529867
4,0.2,0.2,0.651692862045136
5,0.2,0.2,0.643857498303592
6,0.2,0.2,0.72634280394315
2,0.25,0.2,0.891772167473108
3,0.25,0.2,0.923901016417077
4,0.25,0.2,0.665887389287829
5,0.25,0.2,0.665462040890458
6,0.25,0.2,0.710751367227812
2,0.3,0.2,0.877023461712527
3,0.3,0.2,0.913550203622525
4,0.3,0.2,0.571765001196863
5,0.3,0.2,0.634528401383192
6,0.3,0.2,0.744586452816245
2,0.35,0.2,0.829911944737001
3,0.35,0.2,0.916398563414881
4,0.35,0.2,0.571624967246557
5,0.35,0.2,0.632346833296158
6,0.35,0.2,0.763475160831787
2,0.4,0.2,0.803596840527006
3,0.4,0.2,0.892016540413008
4,0.4,0.2,0.564995447001497
5,0.4,0.2,0.643781970622299
6,0.4,0.2,0.761184463523142
2,0.45,0.2,0.795162866804717
3,0.45,0.2,0.898442803840342
4,0.45,0.2,0.624047011545224
5,0.45,0.2,0.632033455393494
6,0.45,0.2,0.71973880695743
2,0.5,0.2,0.797785810429212
3,0.5,0.2,0.879681759047928
4,0.5,0.2,0.602445652232104
5,0.5,0.2,0.63198859020222
6,0.5,0.2,0.705910656003822
2,0.55,0.2,0.840979294574207
3,0.55,0.2,0.841098715015774
4,0.55,0.2,0.698088577823976
5,0.55,0.2,0.712475203525484
6,0.55,0.2,0.72001780843118
2,0.6,0.2,0.811982390686816
3,0.6,0.2,0.808047131523016
4,0.6,0.2,0.727646716352755
5,0.6,0.2,0.690115924235165
6,0.6,0.2,0.660535709416773
2,0.65,0.2,0.822146433853592
3,0.65,0.2,0.821693001202967
4,0.65,0.2,0.738437429313407
5,0.65,0.2,0.679869523319028
6,0.65,0.2,0.666613374087329
2,0.7,0.2,0.797098946608231
3,0.7,0.2,0.758748511176524
4,0.7,0.2,0.741339996185132
5,0.7,0.2,0.67941374049749
6,0.7,0.2,0.672560946230842
2,0.75,0.2,0.879017494044611
3,0.75,0.2,0.712309987212756
4,0.75,0.2,0.756722835234523
5,0.75,0.2,0.667531112352869
6,0.75,0.2,0.671616766250436
2,0.8,0.2,0.886428531874189
3,0.8,0.2,0.609094526676693
4,0.8,0.2,0.756071310421069
5,0.8,0.2,0.683421381665259
6,0.8,0.2,0.725159435720482
2,0.85,0.2,0.889944370361506
3,0.85,0.2,0.597507800056728
4,0.85,0.2,0.737570515930671
5,0.85,0.2,0.684002552672453
6,0.85,0.2,0.716021783689425
2,0.9,0.2,0.912593939486445
3,0.9,0.2,0.631761156876818
4,0.9,0.2,0.783164280889175
5,0.9,0.2,0.683550727898585
6,0.9,0.2,0.707865414668611
2,0.95,0.2,0.917834292717715
3,0.95,0.2,0.661494380146799
4,0.95,0.2,0.778257472752717
5,0.95,0.2,0.650705279461008
6,0.95,0.2,0.707685570040731
2,1,0.2,0.911852328442436
3,1,0.2,0.661887358676284
4,1,0.2,0.791034776681848
5,1,0.2,0.654138111133244
6,1,0.2,0.710956395631846
2,0,0.25,0.918022819688481
3,0,0.25,0.854307979302789
4,0,0.25,0.636773333467147
5,0,0.25,0.699949585867904
6,0,0.25,0.809798959283017
2,0.05,0.25,0.923750002999364
3,0.05,0.25,0.822124216910482
4,0.05,0.25,0.634043729745487
5,0.05,0.25,0.740842135403965
6,0.05,0.25,0.803751077548986
2,0.1,0.25,0.932574192418299
3,0.1,0.25,0.846343423410437
4,0.1,0.25,0.618625435613529
5,0.1,0.25,0.667781638537922
6,0.1,0.25,0.740054330075904
2,0.15,0.25,0.937943535341158
3,0.15,0.25,0.873224132842177
4,0.15,0.25,0.605496715350204
5,0.15,0.25,0.664747608856586
6,0.15,0.25,0.806825906102557
2,0.2,0.25,0.931574676153612
3,0.2,0.25,0.881874728214901
4,0.2,0.25,0.650920267401051
5,0.2,0.25,0.722212214009236
6,0.2,0.25,0.785378398487674
2,0.25,0.25,0.887850196867731
3,0.25,0.25,0.886949552150326
4,0.25,0.25,0.640131206643497
5,0.25,0.25,0.751857005497896
6,0.25,0.25,0.778124734496646
2,0.3,0.25,0.861534808763726
3,0.3,0.25,0.885230213350104
4,0.3,0.25,0.754277523321743
5,0.3,0.25,0.749770086473278
6,0.3,0.25,0.762108768280338
2,0.35,0.25,0.819161054637914
3,0.35,0.25,0.862601202759715
4,0.35,0.25,0.738552116879976
5,0.35,0.25,0.757943005370595
6,0.35,0.25,0.782569560125749
2,0.4,0.25,0.817087833917113
3,0.4,0.25,0.835689289967646
4,0.4,0.25,0.748808890340181
5,0.4,0.25,0.734636809207966
6,0.4,0.25,0.772593578008291
2,0.45,0.25,0.734206227149919
3,0.45,0.25,0.816270356651828
4,0.45,0.25,0.725405678484861
5,0.45,0.25,0.758351991661764
6,0.45,0.25,0.735616292566976
2,0.5,0.25,0.769943613105343
3,0.5,0.25,0.783036100812962
4,0.5,0.25,0.734477942468167
5,0.5,0.25,0.741883493374525
6,0.5,0.25,0.731784788873648
2,0.55,0.25,0.793233443767806
3,0.55,0.25,0.753889556790792
4,0.55,0.25,0.770388636373038
5,0.55,0.25,0.718337979041685
6,0.55,0.25,0.688650835197565
2,0.6,0.25,0.846964652861826
3,0.6,0.25,0.643227118744139
4,0.6,0.25,0.762624758392476
5,0.6,0.25,0.70846345477719
6,0.6,0.25,0.673996689388958
2,0.65,0.25,0.863990277061651
3,0.65,0.25,0.666894910634404
4,0.65,0.25,0.738611161276252
5,0.65,0.25,0.731803598480914
6,0.65,0.25,0.696551058664006
2,0.7,0.25,0.88233301660636
3,0.7,0.25,0.686447245123362
4,0.7,0.25,0.794833685587887
5,0.7,0.25,0.685062268130034
6,0.7,0.25,0.675598722125517
2,0.75,0.25,0.905842781071322
3,0.75,0.25,0.695814897707973
4,0.75,0.25,0.795033078852068
5,0.75,0.25,0.707708789791422
6,0.75,0.25,0.695547277900438
2,0.8,0.25,0.912050511191461
3,0.8,0.25,0.713201292881131
4,0.8,0.25,0.796464128135752
5,0.8,0.25,0.675017215730172
6,0.8,0.25,0.685508216080641
2,0.85,0.25,0.900884263112766
3,0.85,0.25,0.678727104408958
4,0.85,0.25,0.776217975226519
5,0.85,0.25,0.693939251238071
6,0.85,0.25,0.69170754491294
2,0.9,0.25,0.940359380482338
3,0.9,0.25,0.700819764222594
4,0.9,0.25,0.802406705328489
5,0.9,0.25,0.647526172295608
6,0.9,0.25,0.665257687650714
2,0.95,0.25,0.928687588859571
3,0.95,0.25,0.689448230005983
4,0.95,0.25,0.800882873958061
5,0.95,0.25,0.717794151068262
6,0.95,0.25,0.674424017100704
2,1,0.25,0.938652441877871
3,1,0.25,0.707429608270137
4,1,0.25,0.801685866391278
5,1,0.25,0.705562597815535
6,1,0.25,0.663662904110063
2,0,0.3,0.933199198620228
3,0,0.3,0.860444703212694
4,0,0.3,0.671112050983593
5,0,0.3,0.695925950025937
6,0,0.3,0.721750076517924
2,0.05,0.3,0.94466786206913
3,0.05,0.3,0.77374123605279
4,0.05,0.3,0.702740032726109
5,0.05,0.3,0.752489249837869
6,0.05,0.3,0.80476997926631
2,0.1,0.3,0.933084917423435
3,0.1,0.3,0.78737602418629
4,0.1,0.3,0.72911176908661
5,0.1,0.3,0.767849855199944
6,0.1,0.3,0.813068401001437
2,0.15,0.3,0.922515913235392
3,0.15,0.3,0.754878729675747
4,0.15,0.3,0.733709847361563
5,0.15,0.3,0.782741837458729
6,0.15,0.3,0.807473978771398
2,0.2,0.3,0.90028265012444
3,0.2,0.3,0.850942606892259
4,0.2,0.3,0.669412170331258
5,0.2,0.3,0.691440624486646
6,0.2,0.3,0.787567958973775
2,0.25,0.3,0.884237776997761
3,0.25,0.3,0.82248495183775
4,0.25,0.3,0.757413712122176
5,0.25,0.3,0.747156225848246
6,0.25,0.3,0.772162921674306
2,0.3,0.3,0.849729590062955
3,0.3,0.3,0.81908613976419
4,0.3,0.3,0.763147609583683
5,0.3,0.3,0.744006770402132
6,0.3,0.3,0.770525279188876
2,0.35,0.3,0.793110947611674
3,0.35,0.3,0.757176400841785
4,0.35,0.3,0.7439569533217
5,0.35,0.3,0.76872876427926
6,0.35,0.3,0.738907005264982
2,0.4,0.3,0.736467308299642
3,0.4,0.3,0.690230428615885
4,0.4,0.3,0.737881278409232
5,0.4,0.3,0.729347146107841
6,0.4,0.3,0.71667641253921
2,0.45,0.3,0.763342145230161
3,0.45,0.3,0.609026083577895
4,0.45,0.3,0.742675249040403
5,0.45,0.3,0.739216353203648
6,0.45,0.3,0.697730829904359
2,0.5,0.3,0.835434700858687
3,0.5,0.3,0.691549445900766
4,0.5,0.3,0.717605647219115
5,0.5,0.3,0.717775993787935
6,0.5,0.3,0.681386155181714
2,0.55,0.3,0.862174441752921
3,0.55,0.3,0.71657467357474
4,0.55,0.3,0.742052386236369
5,0.55,0.3,0.697120180550522
6,0.55,0.3,0.64034607803248
2,0.6,0.3,0.877545580133514
3,0.6,0.3,0.719233815834748
4,0.6,0.3,0.802898860475041
5,0.6,0.3,0.732741378518675
6,0.6,0.3,0.645040606039228
2,0.65,0.3,0.891232435583585
3,0.65,0.3,0.758127334758585
4,0.65,0.3,0.80000040066328
5,0.65,0.3,0.665064457184626
6,0.65,0.3,0.665375696127226
2,0.7,0.3,0.907357322480901
3,0.7,0.3,0.763975043337552
4,0.7,0.3,0.783400248451954
5,0.7,0.3,0.665306197886034
6,0.7,0.3,0.666969106858437
2,0.75,0.3,0.927444034741136
3,0.75,0.3,0.759840350656271
4,0.75,0.3,0.780162945376507
5,0.75,0.3,0.6537186039201
6,0.75,0.3,0.662636729074273
2,0.8,0.3,0.941259541783528
3,0.8,0.3,0.73251831193063
4,0.8,0.3,0.783484745040426
5,0.8,0.3,0.622962302235486
6,0.8,0.3,0.67570000563009
2,0.85,0.3,0.936620024074928
3,0.85,0.3,0.717656638804416
4,0.85,0.3,0.784109286516173
5,0.85,0.3,0.675072612855287
6,0.85,0.3,0.71213794383718
2,0.9,0.3,0.943165029525696
3,0.9,0.3,0.751038932866226
4,0.9,0.3,0.796763340637219
5,0.9,0.3,0.675186927928048
6,0.9,0.3,0.698380369797275
2,0.95,0.3,0.933677009247217
3,0.95,0.3,0.751315552691276
4,0.95,0.3,0.800644012397531
5,0.95,0.3,0.731842313376373
6,0.95,0.3,0.709895752299313
2,1,0.3,0.942249908991208
3,1,0.3,0.552827837867655
4,1,0.3,0.778650393224122
5,1,0.3,0.731912363553861
6,1,0.3,0.687095413083022
2,0,0.35,0.909339826168341
3,0,0.35,0.841779385365308
4,0,0.35,0.661277511512014
5,0,0.35,0.682952758517007
6,0,0.35,0.708806802389127
2,0.05,0.35,0.925506006713125
3,0.05,0.35,0.821491035592455
4,0.05,0.35,0.750273507945427
5,0.05,0.35,0.791937740338703
6,0.05,0.35,0.819459766178665
2,0.1,0.35,0.937123222464508
3,0.1,0.35,0.79554651823351
4,0.1,0.35,0.694419900195319
5,0.1,0.35,0.778525161790755
6,0.1,0.35,0.80666912555067
2,0.15,0.35,0.91865670735961
3,0.15,0.35,0.74827579302771
4,0.15,0.35,0.7273526613043
5,0.15,0.35,0.818201660755171
6,0.15,0.35,0.82071198271653
2,0.2,0.35,0.877706010613985
3,0.2,0.35,0.778512722358433
4,0.2,0.35,0.671920898519255
5,0.2,0.35,0.686993525095588
6,0.2,0.35,0.793178767956801
2,0.25,0.35,0.585213989980222
3,0.25,0.35,0.745540592847165
4,0.25,0.35,0.775197381024748
5,0.25,0.35,0.786374927499851
6,0.25,0.35,0.760029416118202
2,0.3,0.35,0.686830035393605
3,0.3,0.35,0.686798699105172
4,0.3,0.35,0.761308632342155
5,0.3,0.35,0.730531135043225
6,0.3,0.35,0.711134386414967
2,0.35,0.35,0.697464509424343
3,0.35,0.35,0.647970393277736
4,0.35,0.35,0.730050691294514
5,0.35,0.35,0.742088164934571
6,0.35,0.35,0.680576720668884
2,0.4,0.35,0.803833153125863
3,0.4,0.35,0.725461400506426
4,0.4,0.35,0.733353391221228
5,0.4,0.35,0.697220589652996
6,0.4,0.35,0.685888384407242
2,0.45,0.35,0.81457551512192
3,0.45,0.35,0.743655859899121
4,0.45,0.35,0.76325171266389
5,0.45,0.35,0.734843653968362
6,0.45,0.35,0.668895851722064
2,0.5,0.35,0.878254911204123
3,0.5,0.35,0.790995527511282
4,0.5,0.35,0.773867590952064
5,0.5,0.35,0.72255576088715
6,0.5,0.35,0.676158320808172
2,0.55,0.35,0.912596587582089
3,0.55,0.35,0.807150464327464
4,0.55,0.35,0.751268350956986
5,0.55,0.35,0.693078476899311
6,0.55,0.35,0.655107359584439
2,0.6,0.35,0.91505203716807
3,0.6,0.35,0.77814605126401
4,0.6,0.35,0.740207822184902
5,0.6,0.35,0.687126548732132
6,0.6,0.35,0.649787712248298
2,0.65,0.35,0.931436193402013
3,0.65,0.35,0.807996501322241
4,0.65,0.35,0.735373694270355
5,0.65,0.35,0.665719565595617
6,0.65,0.35,0.686511524658344
2,0.7,0.35,0.942424421636904
3,0.7,0.35,0.76816473153162
4,0.7,0.35,0.750477204611252
5,0.7,0.35,0.676312525067349
6,0.7,0.35,0.660822098197675
2,0.75,0.35,0.926288807273251
3,0.75,0.35,0.762252506111892
4,0.75,0.35,0.766952693168102
5,0.75,0.35,0.635203712960929
6,0.75,0.35,0.704255476715038
2,0.8,0.35,0.94798262343512
3,0.8,0.35,0.50342457869508
4,0.8,0.35,0.799711220762979
5,0.8,0.35,0.666618766055283
6,0.8,0.35,0.722210969438834
2,0.85,0.35,0.943823073842008
3,0.85,0.35,0.539634149080788
4,0.85,0.35,0.755680913003604
5,0.85,0.35,0.641617007169009
6,0.85,0.35,0.719317762447844
2,0.9,0.35,0.946980220852702
3,0.9,0.35,0.538324401941842
4,0.9,0.35,0.751643099710733
5,0.9,0.35,0.676624776518797
6,0.9,0.35,0.664214133339704
2,0.95,0.35,0.960472366748186
3,0.95,0.35,0.56362416862702
4,0.95,0.35,0.724540574764568
5,0.95,0.35,0.706748308705415
6,0.95,0.35,0.672449496932145
2,1,0.35,0.956497087360162
3,1,0.35,0.549079870990468
4,1,0.35,0.726287827224309
5,1,0.35,0.688194929771415
6,1,0.35,0.614997444625792
2,0,0.4,0.926345943436556
3,0,0.4,0.841047988281338
4,0,0.4,0.746675092184733
5,0,0.4,0.815363370096886
6,0,0.4,0.839067120783722
2,0.05,0.4,0.921058328344155
3,0.05,0.4,0.802285976351442
4,0.05,0.4,0.737442362554855
5,0.05,0.4,0.798963222841554
6,0.05,0.4,0.807071962566532
2,0.1,0.4,0.925430285181647
3,0.1,0.4,0.78988587998398
4,0.1,0.4,0.706896571868282
5,0.1,0.4,0.793828873153958
6,0.1,0.4,0.798448806290614
2,0.15,0.4,0.883911509119517
3,0.15,0.4,0.750486665770072
4,0.15,0.4,0.711382159630976
5,0.15,0.4,0.739571099657387
6,0.15,0.4,0.806363514660996
2,0.2,0.4,0.877934212941925
3,0.2,0.4,0.675181708245064
4,0.2,0.4,0.745797278405953
5,0.2,0.4,0.775511444447659
6,0.2,0.4,0.779071348241467
2,0.25,0.4,0.600824257893169
3,0.25,0.4,0.667534553560286
4,0.25,0.4,0.75977164262662
5,0.25,0.4,0.763469980422774
6,0.25,0.4,0.749729752003748
2,0.3,0.4,0.676382591771698
3,0.3,0.4,0.720307258985733
4,0.3,0.4,0.746821263631494
5,0.3,0.4,0.733734282707875
6,0.3,0.4,0.73373851134837
2,0.35,0.4,0.737396511246725
3,0.35,0.4,0.756340990921271
4,0.35,0.4,0.750881614701724
5,0.35,0.4,0.735348818841713
6,0.35,0.4,0.696128567576953
2,0.4,0.4,0.833700872249196
3,0.4,0.4,0.768787878050946
4,0.4,0.4,0.753476073201276
5,0.4,0.4,0.735076731902543
6,0.4,0.4,0.687386962847957
2,0.45,0.4,0.858779604039039
3,0.45,0.4,0.817506775739514
4,0.45,0.4,0.77523455035154
5,0.45,0.4,0.708153066075429
6,0.45,0.4,0.699677972463897
2,0.5,0.4,0.879556466983463
3,0.5,0.4,0.818485333510598
4,0.5,0.4,0.757477993552544
5,0.5,0.4,0.70790705549776
6,0.5,0.4,0.64669490333031
2,0.55,0.4,0.916576995834502
3,0.55,0.4,0.829198504228399
4,0.55,0.4,0.754142499952458
5,0.55,0.4,0.696235125993976
6,0.55,0.4,0.69162385587093
2,0.6,0.4,0.881538707334844
3,0.6,0.4,0.809097558146843
4,0.6,0.4,0.737962724978174
5,0.6,0.4,0.674046501479382
6,0.6,0.4,0.683891740899157
2,0.65,0.4,0.897971182967235
3,0.65,0.4,0.816399170098842
4,0.65,0.4,0.720730043368281
5,0.65,0.4,0.60066950579711
6,0.65,0.4,0.689061214672988
2,0.7,0.4,0.916293392016226
3,0.7,0.4,0.794482253989
4,0.7,0.4,0.715715161134455
5,0.7,0.4,0.659942903148906
6,0.7,0.4,0.649595803050453
2,0.75,0.4,0.925217912436851
3,0.75,0.4,0.504961426168915
4,0.75,0.4,0.740789700334544
5,0.75,0.4,0.664247913811891
6,0.75,0.4,0.68231305752717
2,0.8,0.4,0.937106555799633
3,0.8,0.4,0.528178566387813
4,0.8,0.4,0.737319394481427
5,0.8,0.4,0.651718081682179
6,0.8,0.4,0.624458009146279
2,0.85,0.4,0.943592959740666
3,0.85,0.4,0.536725416618861
4,0.85,0.4,0.721194923919202
5,0.85,0.4,0.657525951658218
6,0.85,0.4,0.626112407482848
2,0.9,0.4,0.940712469800294
3,0.9,0.4,0.535393081893528
4,0.9,0.4,0.713863773082824
5,0.9,0.4,0.665292045014744
6,0.9,0.4,0.595667807661387
2,0.95,0.4,0.95559543405786
3,0.95,0.4,0.532909600759739
4,0.95,0.4,0.705256180887371
5,0.95,0.4,0.648806826697885
6,0.95,0.4,0.587762403048402
2,1,0.4,0.962024943719744
3,1,0.4,0.581999411210717
4,1,0.4,0.700205162426966
5,1,0.4,0.637622887047125
6,1,0.4,0.594806590540407
2,0,0.45,0.933581852291396
3,0,0.45,0.833650149881272
4,0,0.45,0.762726310606358
5,0,0.45,0.796661900728814
6,0,0.45,0.793188429094796
2,0.05,0.45,0.947086388058186
3,0.05,0.45,0.788733247394242
4,0.05,0.45,0.720897565966818
5,0.05,0.45,0.736930061794487
6,0.05,0.45,0.801316014302833
2,0.1,0.45,0.925651400524667
3,0.1,0.45,0.771934711034937
4,0.1,0.45,0.703980167471197
5,0.1,0.45,0.742378114782156
6,0.1,0.45,0.802806761447935
2,0.15,0.45,0.93909036384889
3,0.15,0.45,0.733835049714019
4,0.15,0.45,0.691363818206135
5,0.15,0.45,0.761889992233936
6,0.15,0.45,0.777825728796403
2,0.2,0.45,0.848988546357338
3,0.2,0.45,0.665925540714229
4,0.2,0.45,0.734616952725608
5,0.2,0.45,0.771360273374148
6,0.2,0.45,0.765685696170017
2,0.25,0.45,0.644628821041644
3,0.25,0.45,0.75081266573038
4,0.25,0.45,0.758366143262475
5,0.25,0.45,0.720509944359962
6,0.25,0.45,0.743803157746713
2,0.3,0.45,0.684390715313984
3,0.3,0.45,0.786505897306816
4,0.3,0.45,0.752749446728224
5,0.3,0.45,0.740525763274823
6,0.3,0.45,0.738215200045024
2,0.35,0.45,0.803312027591443
3,0.35,0.45,0.810202078357023
4,0.35,0.45,0.73939716565727
5,0.35,0.45,0.725627796005291
6,0.35,0.45,0.665315120887789
2,0.4,0.45,0.860856834258465
3,0.4,0.45,0.817606744731163
4,0.4,0.45,0.774687023703024
5,0.4,0.45,0.737961763113401
6,0.4,0.45,0.671626768928847
2,0.45,0.45,0.866734383343263
3,0.45,0.45,0.85211356251819
4,0.45,0.45,0.761975116948774
5,0.45,0.45,0.703460101293099
6,0.45,0.45,0.638164757875824
2,0.5,0.45,0.864204608130035
3,0.5,0.45,0.864007249026333
4,0.5,0.45,0.751762369246755
5,0.5,0.45,0.719029171014146
6,0.5,0.45,0.673356424127189
2,0.55,0.45,0.885038526642601
3,0.55,0.45,0.861060318711343
4,0.55,0.45,0.74215317482968
5,0.55,0.45,0.70836365700941
6,0.55,0.45,0.692479860276121
2,0.6,0.45,0.930348501020656
3,0.6,0.45,0.885658296800679
4,0.6,0.45,0.745052854627764
5,0.6,0.45,0.683483796533516
6,0.6,0.45,0.663284854956177
2,0.65,0.45,0.932114466611622
3,0.65,0.45,0.845952350611993
4,0.65,0.45,0.735638359137806
5,0.65,0.45,0.673722567403309
6,0.65,0.45,0.649039540748428
2,0.7,0.45,0.939526028701309
3,0.7,0.45,0.844035147759296
4,0.7,0.45,0.719090987872706
5,0.7,0.45,0.683933316907515
6,0.7,0.45,0.641248804453533
2,0.75,0.45,0.949827737926367
3,0.75,0.45,0.81432360567941
4,0.75,0.45,0.694669529573307
5,0.75,0.45,0.632709455862311
6,0.75,0.45,0.64433614948153
2,0.8,0.45,0.943564145064792
3,0.8,0.45,0.835650758760548
4,0.8,0.45,0.716055009863355
5,0.8,0.45,0.596632625456883
6,0.8,0.45,0.604348518112217
2,0.85,0.45,0.965581085911989
3,0.85,0.45,0.529575184907667
4,0.85,0.45,0.711114951874094
5,0.85,0.45,0.628461833340498
6,0.85,0.45,0.602522689254318
2,0.9,0.45,0.965630351821649
3,0.9,0.45,0.520751501017601
4,0.9,0.45,0.688561135129021
5,0.9,0.45,0.626851742467313
6,0.9,0.45,0.580388964589188
2,0.95,0.45,0.96882542547828
3,0.95,0.45,0.541588949013648
4,0.95,0.45,0.685310343671891
5,0.95,0.45,0.643769445155523
6,0.95,0.45,0.619140910313524
2,1,0.45,0.982938298796208
3,1,0.45,0.559470152839091
4,1,0.45,0.690652856385238
5,1,0.45,0.654272989574989
6,1,0.45,0.666113536675209
2,0,0.5,0.918261386959785
3,0,0.5,0.852310866558938
4,0,0.5,0.731497118367029
5,0,0.5,0.805995945724501
6,0,0.5,0.78241466018124
2,0.05,0.5,0.948584383466412
3,0.05,0.5,0.798024490181253
4,0.05,0.5,0.692368402812562
5,0.05,0.5,0.761055319722828
6,0.05,0.5,0.77960479924503
2,0.1,0.5,0.948353843883209
3,0.1,0.5,0.741567788333014
4,0.1,0.5,0.724780455932833
5,0.1,0.5,0.762286855905684
6,0.1,0.5,0.7819290719403
2,0.15,0.5,0.910161659600954
3,0.15,0.5,0.616688889436086
4,0.15,0.5,0.703216319984773
5,0.15,0.5,0.76394816078752
6,0.15,0.5,0.770663338326634
2,0.2,0.5,0.794300579120157
3,0.2,0.5,0.741593172152546
4,0.2,0.5,0.778967107001333
5,0.2,0.5,0.789787923690218
6,0.2,0.5,0.773819116504631
2,0.25,0.5,0.671260146818695
3,0.25,0.5,0.791684717490725
4,0.25,0.5,0.740426123479847
5,0.25,0.5,0.739642651549794
6,0.25,0.5,0.740311706952833
2,0.3,0.5,0.761103083011792
3,0.3,0.5,0.839959612643937
4,0.3,0.5,0.756349102785208
5,0.3,0.5,0.737020097324943
6,0.3,0.5,0.705201353403515
2,0.35,0.5,0.820962373256505
3,0.35,0.5,0.86551176434958
4,0.35,0.5,0.786553132557459
5,0.35,0.5,0.769527500777716
6,0.35,0.5,0.677108929188823
2,0.4,0.5,0.817302980571767
3,0.4,0.5,0.854560135694916
4,0.4,0.5,0.785636477215197
5,0.4,0.5,0.751203718644388
6,0.4,0.5,0.650832392468205
2,0.45,0.5,0.852420277328742
3,0.45,0.5,0.884077445706996
4,0.45,0.5,0.769753803692006
5,0.45,0.5,0.742661898853729
6,0.45,0.5,0.662003234334706
2,0.5,0.5,0.893179436972096
3,0.5,0.5,0.884645937672436
4,0.5,0.5,0.77062483495999
5,0.5,0.5,0.7395960415053
6,0.5,0.5,0.682841717568363
2,0.55,0.5,0.902429553875066
3,0.55,0.5,0.879709820063328
4,0.55,0.5,0.780398428813688
5,0.55,0.5,0.712198639907961
6,0.55,0.5,0.672891058967648
2,0.6,0.5,0.905496190777582
3,0.6,0.5,0.872289774905457
4,0.6,0.5,0.735395964975581
5,0.6,0.5,0.640084298150597
6,0.6,0.5,0.661042651400387
2,0.65,0.5,0.936824639823848
3,0.65,0.5,0.870341431723692
4,0.65,0.5,0.697262001979093
5,0.65,0.5,0.609196162406454
6,0.65,0.5,0.61539801204859
2,0.7,0.5,0.948332524742818
3,0.7,0.5,0.85803677506969
4,0.7,0.5,0.67819325163773
5,0.7,0.5,0.63767636003784
6,0.7,0.5,0.60886547862356
2,0.75,0.5,0.960615912902011
3,0.75,0.5,0.840211065284849
4,0.75,0.5,0.68911968715
5,0.75,0.5,0.612775952117994
6,0.75,0.5,0.59450926666195
2,0.8,0.5,0.962958362446035
3,0.8,0.5,0.82904137008724
4,0.8,0.5,0.655361293844482
5,0.8,0.5,0.631521207701642
6,0.8,0.5,0.630694226571503
2,0.85,0.5,0.970750516878652
3,0.85,0.5,0.815741342261247
4,0.85,0.5,0.690133466514542
5,0.85,0.5,0.625470246382105
6,0.85,0.5,0.601473729268969
2,0.9,0.5,0.974129859723344
3,0.9,0.5,0.810084344252297
4,0.9,0.5,0.689109061314986
5,0.9,0.5,0.636466306474499
6,0.9,0.5,0.633943685268815
2,0.95,0.5,0.982025715483738
3,0.95,0.5,0.799778131856942
4,0.95,0.5,0.664456351181444
5,0.95,0.5,0.645900225320431
6,0.95,0.5,0.645154721171074
2,1,0.5,0.9809647383151
3,1,0.5,0.802962224947421
4,1,0.5,0.634694187579166
5,1,0.5,0.630143199078755
6,1,0.5,0.637752195716162
2,0,0.55,0.856144297259946
3,0,0.55,0.8785997502765
4,0,0.55,0.738777943756298
5,0,0.55,0.777793976218016
6,0,0.55,0.762167061537056
2,0.05,0.55,0.935144445212326
3,0.05,0.55,0.791282014777464
4,0.05,0.55,0.701856503627667
5,0.05,0.55,0.787229460434413
6,0.05,0.55,0.789768917850821
2,0.1,0.55,0.927734353732819
3,0.1,0.55,0.71143135963404
4,0.1,0.55,0.712111967315876
5,0.1,0.55,0.767107997076462
6,0.1,0.55,0.746901087387376
2,0.15,0.55,0.927315721141967
3,0.15,0.55,0.667606024543731
4,0.15,0.55,0.738277302934152
5,0.15,0.55,0.797557852833923
6,0.15,0.55,0.741308234445182
2,0.2,0.55,0.839778067135841
3,0.2,0.55,0.74434267235888
4,0.2,0.55,0.796121898347399
5,0.2,0.55,0.822060040843988
6,0.2,0.55,0.764568978569602
2,0.25,0.55,0.673394536515458
3,0.25,0.55,0.840068959287448
4,0.25,0.55,0.736154310151122
5,0.25,0.55,0.722080608743125
6,0.25,0.55,0.686604159667788
2,0.3,0.55,0.741963473291093
3,0.3,0.55,0.899943204600424
4,0.3,0.55,0.82185201652403
5,0.3,0.55,0.809560840103457
6,0.3,0.55,0.728647258883402
2,0.35,0.55,0.785392565294385
3,0.35,0.55,0.889657955288821
4,0.35,0.55,0.835466852475033
5,0.35,0.55,0.787851794112395
6,0.35,0.55,0.655955408733082
2,0.4,0.55,0.879676432482987
3,0.4,0.55,0.853778605539776
4,0.4,0.55,0.84426581492841
5,0.4,0.55,0.767843881594962
6,0.4,0.55,0.638623593542128
2,0.45,0.55,0.834812004196766
3,0.45,0.55,0.883212596149121
4,0.45,0.55,0.782365507615377
5,0.45,0.55,0.763095005569127
6,0.45,0.55,0.692519870576562
2,0.5,0.55,0.908528214398715
3,0.5,0.55,0.910195575730127
4,0.5,0.55,0.778677864806168
5,0.5,0.55,0.742141451546779
6,0.5,0.55,0.667935590370532
2,0.55,0.55,0.931464018045363
3,0.55,0.55,0.87432732500213
4,0.55,0.55,0.751976956403359
5,0.55,0.55,0.670107952402741
6,0.55,0.55,0.644463474794887
2,0.6,0.55,0.940854110998948
3,0.6,0.55,0.884592502239723
4,0.6,0.55,0.705315663506247
5,0.6,0.55,0.639302420855803
6,0.6,0.55,0.636893850409197
2,0.65,0.55,0.952571175997207
3,0.65,0.55,0.85195266790791
4,0.65,0.55,0.697559298963331
5,0.65,0.55,0.58122894953684
6,0.65,0.55,0.611271738741932
2,0.7,0.55,0.95063861122374
3,0.7,0.55,0.857717629102491
4,0.7,0.55,0.695067855416773
5,0.7,0.55,0.593147310703567
6,0.7,0.55,0.607570488821806
2,0.75,0.55,0.965172059996897
3,0.75,0.55,0.85361611669154
4,0.75,0.55,0.691229177961273
5,0.75,0.55,0.611461309597531
6,0.75,0.55,0.65399830677445
2,0.8,0.55,0.973531154856938
3,0.8,0.55,0.871196135124377
4,0.8,0.55,0.691866754144721
5,0.8,0.55,0.638337186562698
6,0.8,0.55,0.628890662628426
2,0.85,0.55,0.973441276095067
3,0.85,0.55,0.837199614451819
4,0.85,0.55,0.651601632110738
5,0.85,0.55,0.619824143128802
6,0.85,0.55,0.59691049559847
2,0.9,0.55,0.981936709448865
3,0.9,0.55,0.819354842193339
4,0.9,0.55,0.617857458463688
5,0.9,0.55,0.607992465873645
6,0.9,0.55,0.622237679346785
2,0.95,0.55,0.981102913656231
3,0.95,0.55,0.822267041626425
4,0.95,0.55,0.606658442233294
5,0.95,0.55,0.646218189778406
6,0.95,0.55,0.642384542938639
2,1,0.55,0.961708208689015
3,1,0.55,0.781714779508632
4,1,0.55,0.589109723733395
5,1,0.55,0.629170156896631
6,1,0.55,0.652958562815663
2,0,0.6,0.877466112427393
3,0,0.6,0.824177923200747
4,0,0.6,0.704162612302455
5,0,0.6,0.784697882258548
6,0,0.6,0.794373251299818
2,0.05,0.6,0.881422815900964
3,0.05,0.6,0.729884318845001
4,0.05,0.6,0.733567578216559
5,0.05,0.6,0.771744652087323
6,0.05,0.6,0.769919320679832
2,0.1,0.6,0.92084365494887
3,0.1,0.6,0.575341293795412
4,0.1,0.6,0.706388012307476
5,0.1,0.6,0.765762149069166
6,0.1,0.6,0.738044268484806
2,0.15,0.6,0.900328767500988
3,0.15,0.6,0.783044178749294
4,0.15,0.6,0.753528687468073
5,0.15,0.6,0.827980828018023
6,0.15,0.6,0.757816637895444
2,0.2,0.6,0.830191698238168
3,0.2,0.6,0.854885647160411
4,0.2,0.6,0.778011647914253
5,0.2,0.6,0.832528784176213
6,0.2,0.6,0.765429626389995
2,0.25,0.6,0.67535679056557
3,0.25,0.6,0.866367536798101
4,0.25,0.6,0.802137054302825
5,0.25,0.6,0.817419405769782
6,0.25,0.6,0.746011951752491
2,0.3,0.6,0.775030819101802
3,0.3,0.6,0.901313745784342
4,0.3,0.6,0.818790295278359
5,0.3,0.6,0.805855346476978
6,0.3,0.6,0.679787253049049
2,0.35,0.6,0.825656719386804
3,0.35,0.6,0.892870721634342
4,0.35,0.6,0.803334919636884
5,0.35,0.6,0.794024374161377
6,0.35,0.6,0.686242481107289
2,0.4,0.6,0.835536298804516
3,0.4,0.6,0.892274446933097
4,0.4,0.6,0.803652199760791
5,0.4,0.6,0.767379824717314
6,0.4,0.6,0.698793303866513
2,0.45,0.6,0.897368185861846
3,0.45,0.6,0.922620477449407
4,0.45,0.6,0.802585786936662
5,0.45,0.6,0.729988292911455
6,0.45,0.6,0.678597928412301
2,0.5,0.6,0.899006267232656
3,0.5,0.6,0.90040015027707
4,0.5,0.6,0.75034308036733
5,0.5,0.6,0.713014940485983
6,0.5,0.6,0.651992619511789
2,0.55,0.6,0.936241698806499
3,0.55,0.6,0.905944264199617
4,0.55,0.6,0.681308355024576
5,0.55,0.6,0.612121016757618
6,0.55,0.6,0.643111578801908
2,0.6,0.6,0.95680529054559
3,0.6,0.6,0.888424990265756
4,0.6,0.6,0.6988077577441
5,0.6,0.6,0.613246731139577
6,0.6,0.6,0.615623980128482
2,0.65,0.6,0.953761194455677
3,0.65,0.6,0.861665582749162
4,0.65,0.6,0.691282387703125
5,0.65,0.6,0.61244081387037
6,0.65,0.6,0.614132038751055
2,0.7,0.6,0.965872326778854
3,0.7,0.6,0.876340811510118
4,0.7,0.6,0.689789616393375
5,0.7,0.6,0.607424086448476
6,0.7,0.6,0.594264899533152
2,0.75,0.6,0.97916098211955
3,0.75,0.6,0.858647739409831
4,0.75,0.6,0.672087242567705
5,0.75,0.6,0.615859782875654
6,0.75,0.6,0.627131519505568
2,0.8,0.6,0.977520306934196
3,0.8,0.6,0.861721662721669
4,0.8,0.6,0.64337696450163
5,0.8,0.6,0.619133379433538
6,0.8,0.6,0.582162715444224
2,0.85,0.6,0.98168481055917
3,0.85,0.6,0.845769861531774
4,0.85,0.6,0.576584664398674
5,0.85,0.6,0.621070246215496
6,0.85,0.6,0.575813178211759
2,0.9,0.6,0.965377036299832
3,0.9,0.6,0.822512851616731
4,0.9,0.6,0.591280723666165
5,0.9,0.6,0.614743159800886
6,0.9,0.6,0.652772830611292
2,0.95,0.6,0.974448573829524
3,0.95,0.6,0.765992519414603
4,0.95,0.6,0.662055432400736
5,0.95,0.6,0.621002925988432
6,0.95,0.6,0.622815301238932
2,1,0.6,0.949568022815287
3,1,0.6,0.731793916113962
4,1,0.6,0.662634734933769
5,1,0.6,0.587588452504301
6,1,0.6,0.643370591648486
2,0,0.65,0.888743744837119
3,0,0.65,0.753723109322548
4,0,0.65,0.699630781117871
5,0,0.65,0.759674501300094
6,0,0.65,0.752097282127529
2,0.05,0.65,0.885592404437456
3,0.05,0.65,0.689280441180151
4,0.05,0.65,0.699584372240797
5,0.05,0.65,0.755155964187201
6,0.05,0.65,0.767102250140141
2,0.1,0.65,0.901046368162261
3,0.1,0.65,0.628118410400237
4,0.1,0.65,0.734050399814623
5,0.1,0.65,0.770264834733999
6,0.1,0.65,0.74993085683383
2,0.15,0.65,0.874927214943225
3,0.15,0.65,0.714827317040861
4,0.15,0.65,0.770749033102098
5,0.15,0.65,0.82273372877563
6,0.15,0.65,0.744168018389881
2,0.2,0.65,0.805194202530541
3,0.2,0.65,0.818386932523678
4,0.2,0.65,0.80149449599369
5,0.2,0.65,0.808469526780397
6,0.2,0.65,0.760542936766745
2,0.25,0.65,0.683243699038046
3,0.25,0.65,0.881011809746167
4,0.25,0.65,0.794263176060517
5,0.25,0.65,0.805328665018677
6,0.25,0.65,0.729180528429604
2,0.3,0.65,0.784228515759391
3,0.3,0.65,0.907330644243093
4,0.3,0.65,0.78514050666436
5,0.3,0.65,0.798112915813019
6,0.3,0.65,0.644256290787411
2,0.35,0.65,0.812626116785192
3,0.35,0.65,0.891248028127417
4,0.35,0.65,0.783049067865307
5,0.35,0.65,0.790581261317302
6,0.35,0.65,0.66466071680682
2,0.4,0.65,0.841344886835496
3,0.4,0.65,0.917924521949947
4,0.4,0.65,0.765886063748816
5,0.4,0.65,0.759699596205572
6,0.4,0.65,0.673208512269452
2,0.45,0.65,0.9160755945333
3,0.45,0.65,0.913070505076937
4,0.45,0.65,0.749495614034052
5,0.45,0.65,0.724496293575052
6,0.45,0.65,0.647644539478479
2,0.5,0.65,0.941735375256658
3,0.5,0.65,0.885225085587209
4,0.5,0.65,0.716944399566386
5,0.5,0.65,0.649257014796226
6,0.5,0.65,0.674682330149826
2,0.55,0.65,0.953090007613797
3,0.55,0.65,0.905283023078962
4,0.55,0.65,0.663739928319403
5,0.55,0.65,0.606110145960814
6,0.55,0.65,0.639605756964854
2,0.6,0.65,0.952007473291726
3,0.6,0.65,0.892312342627386
4,0.6,0.65,0.661345320089309
5,0.6,0.65,0.632882394637759
6,0.6,0.65,0.609677331855599
2,0.65,0.65,0.958166670658144
3,0.65,0.65,0.862353901194874
4,0.65,0.65,0.651839030976769
5,0.65,0.65,0.621350328502313
6,0.65,0.65,0.619927337182363
2,0.7,0.65,0.972449735076401
3,0.7,0.65,0.860545935971652
4,0.7,0.65,0.679634478537347
5,0.7,0.65,0.586875322509798
6,0.7,0.65,0.619521324484313
2,0.75,0.65,0.966957657691765
3,0.75,0.65,0.856868527034208
4,0.75,0.65,0.621714066888335
5,0.75,0.65,0.602351916685559
6,0.75,0.65,0.610734161461662
2,0.8,0.65,0.947243322823481
3,0.8,0.65,0.797834551704794
4,0.8,0.65,0.659469168125079
5,0.8,0.65,0.603839989128093
6,0.8,0.65,0.597513535979592
2,0.85,0.65,0.949905861894592
3,0.85,0.65,0.765995284782384
4,0.85,0.65,0.644958056122111
5,0.85,0.65,0.625689398696768
6,0.85,0.65,0.599303911364538
2,0.9,0.65,0.963078298162765
3,0.9,0.65,0.78709061346501
4,0.9,0.65,0.670294657725114
5,0.9,0.65,0.608837449413594
6,0.9,0.65,0.61646175949363
2,0.95,0.65,0.9474884866246
3,0.95,0.65,0.732548594454205
4,0.95,0.65,0.666263255598502
5,0.95,0.65,0.59676483881933
6,0.95,0.65,0.640316772906735
2,1,0.65,0.97205450187887
3,1,0.65,0.621144142073458
4,1,0.65,0.721606562570305
5,1,0.65,0.610626352789167
6,1,0.65,0.627375515140901
2,0,0.7,0.857401446310684
3,0,0.7,0.713419779986235
4,0,0.7,0.739784161977381
5,0,0.7,0.754610393791489
6,0,0.7,0.76646417961432
2,0.05,0.7,0.893626267102663
3,0.05,0.7,0.629139381877172
4,0.05,0.7,0.686621867430627
5,0.05,0.7,0.754804985920864
6,0.05,0.7,0.773836533471452
2,0.1,0.7,0.941054818331778
3,0.1,0.7,0.599995339401769
4,0.1,0.7,0.753283473567432
5,0.1,0.7,0.819570451317965
6,0.1,0.7,0.744806312151702
2,0.15,0.7,0.861923212135614
3,0.15,0.7,0.765175759174379
4,0.15,0.7,0.77260809571977
5,0.15,0.7,0.831540126184176
6,0.15,0.7,0.792333952211752
2,0.2,0.7,0.764166607843681
3,0.2,0.7,0.833481742288311
4,0.2,0.7,0.795161416368585
5,0.2,0.7,0.823285373359781
6,0.2,0.7,0.753807204897291
2,0.25,0.7,0.640518785626324
3,0.25,0.7,0.876137008886391
4,0.25,0.7,0.782958683035777
5,0.25,0.7,0.800096373415467
6,0.25,0.7,0.684647577874057
2,0.3,0.7,0.763716171655874
3,0.3,0.7,0.901031859938785
4,0.3,0.7,0.79781773554276
5,0.3,0.7,0.79869973346447
6,0.3,0.7,0.699832983437674
2,0.35,0.7,0.824348217909034
3,0.35,0.7,0.870418187511795
4,0.35,0.7,0.774954502986385
5,0.35,0.7,0.783713197656925
6,0.35,0.7,0.683147448440248
2,0.4,0.7,0.902575133090193
3,0.4,0.7,0.913091791427166
4,0.4,0.7,0.748389329163781
5,0.4,0.7,0.733416685587334
6,0.4,0.7,0.690929765713019
2,0.45,0.7,0.939929865138415
3,0.45,0.7,0.898424144961065
4,0.45,0.7,0.765922612435596
5,0.45,0.7,0.690377208235811
6,0.45,0.7,0.65977662580294
2,0.5,0.7,0.947158538211578
3,0.5,0.7,0.89796355879499
4,0.5,0.7,0.667108263034477
5,0.5,0.7,0.615470934512119
6,0.5,0.7,0.640190330706479
2,0.55,0.7,0.955577772985966
3,0.55,0.7,0.885839525443638
4,0.55,0.7,0.654909448468366
5,0.55,0.7,0.638039416295365
6,0.55,0.7,0.596013127822511
2,0.6,0.7,0.957995595569578
3,0.6,0.7,0.869494568044784
4,0.6,0.7,0.660607460491008
5,0.6,0.7,0.596615432717272
6,0.6,0.7,0.601418397129474
2,0.65,0.7,0.966064490901328
3,0.65,0.7,0.84578837341804
4,0.65,0.7,0.628754977702557
5,0.65,0.7,0.59328784487935
6,0.65,0.7,0.622172105660282
2,0.7,0.7,0.947369981434867
3,0.7,0.7,0.82267335581291
4,0.7,0.7,0.647605745710279
5,0.7,0.7,0.59979353889748
6,0.7,0.7,0.605110907585426
2,0.75,0.7,0.968687640566694
3,0.75,0.7,0.85072794908381
4,0.75,0.7,0.655574580757148
5,0.75,0.7,0.606018120286749
6,0.75,0.7,0.63218378314226
2,0.8,0.7,0.958461468722902
3,0.8,0.7,0.819651023672698
4,0.8,0.7,0.676499382792132
5,0.8,0.7,0.586281723799519
6,0.8,0.7,0.617666715298822
2,0.85,0.7,0.972202303067291
3,0.85,0.7,0.764451504263107
4,0.85,0.7,0.718302424100974
5,0.85,0.7,0.618856213401812
6,0.85,0.7,0.629305864485923
2,0.9,0.7,0.94256039754499
3,0.9,0.7,0.725062129132213
4,0.9,0.7,0.64832170275676
5,0.9,0.7,0.632326869979478
6,0.9,0.7,0.63196470388166
2,0.95,0.7,0.956624684659957
3,0.95,0.7,0.705089040833634
4,0.95,0.7,0.706431781989152
5,0.95,0.7,0.60483805725255
6,0.95,0.7,0.631728362618064
2,1,0.7,0.938808479307286
3,1,0.7,0.713829673010589
4,1,0.7,0.713369479572143
5,1,0.7,0.616706729789282
6,1,0.7,0.655731399250646
2,0,0.75,0.8867554395635
3,0,0.75,0.678347747389349
4,0,0.75,0.701613416662498
5,0,0.75,0.781898024973661
6,0,0.75,0.770513142572089
2,0.05,0.75,0.911679596767896
3,0.05,0.75,0.514153502396969
4,0.05,0.75,0.63716153177423
5,0.05,0.75,0.740735564880828
6,0.05,0.75,0.82583823732555
2,0.1,0.75,0.900785318904491
3,0.1,0.75,0.693305975410274
4,0.1,0.75,0.760455198359438
5,0.1,0.75,0.819688118556682
6,0.1,0.75,0.784952935145787
2,0.15,0.75,0.867278813611861
3,0.15,0.75,0.766442637481901
4,0.15,0.75,0.783964194174463
5,0.15,0.75,0.827929445722398
6,0.15,0.75,0.775970911448913
2,0.2,0.75,0.712878058963628
3,0.2,0.75,0.862909545314075
4,0.2,0.75,0.782100298794677
5,0.2,0.75,0.795174868556083
6,0.2,0.75,0.763061011019839
2,0.25,0.75,0.578062831924869
3,0.25,0.75,0.844256131279774
4,0.25,0.75,0.779672634511212
5,0.25,0.75,0.786829554817777
6,0.25,0.75,0.69581089931139
2,0.3,0.75,0.440443460078044
3,0.3,0.75,0.877939131138483
4,0.3,0.75,0.782693742721362
5,0.3,0.75,0.784224091551422
6,0.3,0.75,0.675249541289932
2,0.35,0.75,0.851798946177181
3,0.35,0.75,0.891994724579018
4,0.35,0.75,0.771431633184846
5,0.35,0.75,0.750231476293952
6,0.35,0.75,0.686275311153373
2,0.4,0.75,0.906950556122272
3,0.4,0.75,0.892839060368016
4,0.4,0.75,0.737157827629379
5,0.4,0.75,0.673929236134408
6,0.4,0.75,0.711972724928245
2,0.45,0.75,0.944993729541028
3,0.45,0.75,0.884157396534406
4,0.45,0.75,0.658320622246459
5,0.45,0.75,0.62567094193227
6,0.45,0.75,0.657282212379737
2,0.5,0.75,0.949621532773722
3,0.5,0.75,0.872985685697724
4,0.5,0.75,0.651370663895413
5,0.5,0.75,0.621285757010458
6,0.5,0.75,0.592725658185213
2,0.55,0.75,0.929693981038909
3,0.55,0.75,0.85258934025107
4,0.55,0.75,0.650138865148853
5,0.55,0.75,0.637251141286694
6,0.55,0.75,0.606734283055586
2,0.6,0.75,0.932589081566187
3,0.6,0.75,0.878643673651666
4,0.6,0.75,0.637345959510952
5,0.6,0.75,0.575352430503988
6,0.6,0.75,0.603742220131672
2,0.65,0.75,0.929100989573108
3,0.65,0.75,0.853640245681564
4,0.65,0.75,0.617017914966591
5,0.65,0.75,0.592586009382747
6,0.65,0.75,0.588475736221894
2,0.7,0.75,0.954753955163956
3,0.7,0.75,0.844885993086202
4,0.7,0.75,0.647948140998825
5,0.7,0.75,0.604611258327146
6,0.7,0.75,0.593178786580864
2,0.75,0.75,0.945654232490609
3,0.75,0.75,0.827480451693777
4,0.75,0.75,0.666765974017769
5,0.75,0.75,0.622876725452562
6,0.75,0.75,0.58510582900507
2,0.8,0.75,0.969724472663476
3,0.8,0.75,0.755386306927525
4,0.8,0.75,0.701059092836293
5,0.8,0.75,0.628737761538736
6,0.8,0.75,0.614370276639732
2,0.85,0.75,0.935323687317509
3,0.85,0.75,0.733900672615835
4,0.85,0.75,0.702260142586788
5,0.85,0.75,0.610974288260794
6,0.85,0.75,0.651900829347015
2,0.9,0.75,0.968058144794833
3,0.9,0.75,0.667651448453293
4,0.9,0.75,0.709310453908379
5,0.9,0.75,0.630993390895444
6,0.9,0.75,0.631027354878496
2,0.95,0.75,0.958827190015133
3,0.95,0.75,0.729997739693547
4,0.95,0.75,0.703342965494708
5,0.95,0.75,0.593750636328739
6,0.95,0.75,0.676919452925187
2,1,0.75,0.963825727254224
3,1,0.75,0.72639086037834
4,1,0.75,0.724141559349481
5,1,0.75,0.661497645815108
6,1,0.75,0.702906897864699
2,0,0.8,0.855762688730247
3,0,0.8,0.613461178963104
4,0,0.8,0.716908263261001
5,0,0.8,0.805001794176177
6,0,0.8,0.797402984225673
2,0.05,0.8,0.888699731525216
3,0.05,0.8,0.481669119234075
4,0.05,0.8,0.6201657069081
5,0.05,0.8,0.789419755137668
6,0.05,0.8,0.790898014131698
2,0.1,0.8,0.881552431040576
3,0.1,0.8,0.660911291402921
4,0.1,0.8,0.742573920642886
5,0.1,0.8,0.818704929665512
6,0.1,0.8,0.78419639752619
2,0.15,0.8,0.87418112301162
3,0.15,0.8,0.799827682411517
4,0.15,0.8,0.754087235177057
5,0.15,0.8,0.833359464907052
6,0.15,0.8,0.80033337415755
2,0.2,0.8,0.718650587460109
3,0.2,0.8,0.8441706264785
4,0.2,0.8,0.787179002783198
5,0.2,0.8,0.826594246079725
6,0.2,0.8,0.784470291936998
2,0.25,0.8,0.555107249812781
3,0.25,0.8,0.828709155838518
4,0.25,0.8,0.784260956483282
5,0.25,0.8,0.836294251072997
6,0.25,0.8,0.738664577841889
2,0.3,0.8,0.816502877679471
3,0.3,0.8,0.856449389132623
4,0.3,0.8,0.763745694204778
5,0.3,0.8,0.793926361777795
6,0.3,0.8,0.684385444380485
2,0.35,0.8,0.85610817322744
3,0.35,0.8,0.890518580732869
4,0.35,0.8,0.705485496521971
5,0.35,0.8,0.720403457523041
6,0.35,0.8,0.697177556727158
2,0.4,0.8,0.910503701101877
3,0.4,0.8,0.878962865508984
4,0.4,0.8,0.689612540495496
5,0.4,0.8,0.671974629744557
6,0.4,0.8,0.686679587294334
2,0.45,0.8,0.916592608930225
3,0.45,0.8,0.863847021836362
4,0.45,0.8,0.65314768557527
5,0.45,0.8,0.608165146184772
6,0.45,0.8,0.628037071864234
2,0.5,0.8,0.938309919558588
3,0.5,0.8,0.89263069994926
4,0.5,0.8,0.674809406536789
5,0.5,0.8,0.628516404673044
6,0.5,0.8,0.664224658567552
2,0.55,0.8,0.939258760265458
3,0.55,0.8,0.884328654440643
4,0.55,0.8,0.610535846133419
5,0.55,0.8,0.620798133691589
6,0.55,0.8,0.606558182319158
2,0.6,0.8,0.944752310654066
3,0.6,0.8,0.874672814184836
4,0.6,0.8,0.60140050954622
5,0.6,0.8,0.59656540211667
6,0.6,0.8,0.584820145496424
2,0.65,0.8,0.937848459428152
3,0.65,0.8,0.855869288653179
4,0.65,0.8,0.67513468322403
5,0.65,0.8,0.6265414193289
6,0.65,0.8,0.631508943899837
2,0.7,0.8,0.917627480271485
3,0.7,0.8,0.82063769024082
4,0.7,0.8,0.687131868728822
5,0.7,0.8,0.567177371500706
6,0.7,0.8,0.606990253514047
2,0.75,0.8,0.954521186360403
3,0.75,0.8,0.764153290596407
4,0.75,0.8,0.684648936027807
5,0.75,0.8,0.590329497726497
6,0.75,0.8,0.580311574898397
2,0.8,0.8,0.893710817979125
3,0.8,0.8,0.722111864157128
4,0.8,0.8,0.714428318981356
5,0.8,0.8,0.628881466301257
6,0.8,0.8,0.610483083413416
2,0.85,0.8,0.938886348499591
3,0.85,0.8,0.697665751467699
4,0.85,0.8,0.706217850718016
5,0.85,0.8,0.643438027594758
6,0.85,0.8,0.627446579635829
2,0.9,0.8,0.915858477319668
3,0.9,0.8,0.659654673302044
4,0.9,0.8,0.726468570191883
5,0.9,0.8,0.656554532109992
6,0.9,0.8,0.674388259030051
2,0.95,0.8,0.940020143517032
3,0.95,0.8,0.727948238216769
4,0.95,0.8,0.693378840039887
5,0.95,0.8,0.666220750987354
6,0.95,0.8,0.68850843516786
2,1,0.8,0.917696601849288
3,1,0.8,0.778352535393814
4,1,0.8,0.729680174291257
5,1,0.8,0.712729601616684
6,1,0.8,0.684649390583763
2,0,0.85,0.860548214385138
3,0,0.85,0.661668930068399
4,0,0.85,0.606097939333928
5,0,0.85,0.764463892733374
6,0,0.85,0.77658845527896
2,0.05,0.85,0.873584437019772
3,0.05,0.85,0.587222992950427
4,0.05,0.85,0.718499832971215
5,0.05,0.85,0.792575736467757
6,0.05,0.85,0.719491519917733
2,0.1,0.85,0.891483243593494
3,0.1,0.85,0.652470979442614
4,0.1,0.85,0.709197286416984
5,0.1,0.85,0.827803013044922
6,0.1,0.85,0.801322169914902
2,0.15,0.85,0.844856909059569
3,0.15,0.85,0.795114551798278
4,0.15,0.85,0.745365922764388
5,0.15,0.85,0.827804378079608
6,0.15,0.85,0.82228716352018
2,0.2,0.85,0.725495114162937
3,0.2,0.85,0.808235468711452
4,0.2,0.85,0.763834867169254
5,0.2,0.85,0.830933964486743
6,0.2,0.85,0.789972786648962
2,0.25,0.85,0.521606175721036
3,0.25,0.85,0.825976283040186
4,0.25,0.85,0.773791525161717
5,0.25,0.85,0.809107361796872
6,0.25,0.85,0.738929196843258
2,0.3,0.85,0.813243468602212
3,0.3,0.85,0.855062987170635
4,0.3,0.85,0.676643883949701
5,0.3,0.85,0.769627084031769
6,0.3,0.85,0.66275810091875
2,0.35,0.85,0.922726093756368
3,0.35,0.85,0.897663753112395
4,0.35,0.85,0.686374310086698
5,0.35,0.85,0.703989792089761
6,0.35,0.85,0.681551950122557
2,0.4,0.85,0.919474040051241
3,0.4,0.85,0.885877312231411
4,0.4,0.85,0.646071152580592
5,0.4,0.85,0.633887352076881
6,0.4,0.85,0.635602108287229
2,0.45,0.85,0.924281631051417
3,0.45,0.85,0.913483557831389
4,0.45,0.85,0.718423924129408
5,0.45,0.85,0.62640184098575
6,0.45,0.85,0.650647385698128
2,0.5,0.85,0.912935580531737
3,0.5,0.85,0.917283104115505
4,0.5,0.85,0.687022621826207
5,0.5,0.85,0.627629779251751
6,0.5,0.85,0.666046286853855
2,0.55,0.85,0.967892228765162
3,0.55,0.85,0.879541551852215
4,0.55,0.85,0.576023298118361
5,0.55,0.85,0.564295847973255
6,0.55,0.85,0.615356944319421
2,0.6,0.85,0.951374295150609
3,0.6,0.85,0.849193095090646
4,0.6,0.85,0.6216819139581
5,0.6,0.85,0.60798767705244
6,0.6,0.85,0.606078295693782
2,0.65,0.85,0.924730834136776
3,0.65,0.85,0.8214252173583
4,0.65,0.85,0.668989554488588
5,0.65,0.85,0.56150694755227
6,0.65,0.85,0.643101614484838
2,0.7,0.85,0.927141007746752
3,0.7,0.85,0.822253105384781
4,0.7,0.85,0.680336487843542
5,0.7,0.85,0.587109329750243
6,0.7,0.85,0.601556832414245
2,0.75,0.85,0.901073867691246
3,0.75,0.85,0.749779908115162
4,0.75,0.85,0.725179033247734
5,0.75,0.85,0.621811127618964
6,0.75,0.85,0.608724170695643
2,0.8,0.85,0.940285318238851
3,0.8,0.85,0.715478075046287
4,0.8,0.85,0.728226986702969
5,0.8,0.85,0.661094214274507
6,0.8,0.85,0.698873572068427
2,0.85,0.85,0.91568074708706
3,0.85,0.85,0.657096252863352
4,0.85,0.85,0.758484039608674
5,0.85,0.85,0.651787842054753
6,0.85,0.85,0.680321698497519
2,0.9,0.85,0.904707693406275
3,0.9,0.85,0.74672098485628
4,0.9,0.85,0.701421463467738
5,0.9,0.85,0.631322589258176
6,0.9,0.85,0.681065312286039
2,0.95,0.85,0.89407976861229
3,0.95,0.85,0.7650429686254
4,0.95,0.85,0.738176323827013
5,0.95,0.85,0.66739405165877
6,0.95,0.85,0.704361184540283
2,1,0.85,0.92339668332354
3,1,0.85,0.783723452267278
4,1,0.85,0.726261658241901
5,1,0.85,0.696518820597656
6,1,0.85,0.677922745846813
2,0,0.9,0.840960112484559
3,0,0.9,0.698674056243144
4,0,0.9,0.571198719997605
5,0,0.9,0.742327512581148
6,0,0.9,0.777598186441149
2,0.05,0.9,0.868136632088992
3,0.05,0.9,0.409215725020802
4,0.05,0.9,0.748080689903151
5,0.05,0.9,0.787697380136636
6,0.05,0.9,0.757442346317624
2,0.1,0.9,0.899324428944502
3,0.1,0.9,0.682609864484012
4,0.1,0.9,0.75165581672766
5,0.1,0.9,0.817838594289783
6,0.1,0.9,0.831766321502998
2,0.15,0.9,0.806519926294437
3,0.15,0.9,0.791479576914238
4,0.15,0.9,0.73497000969199
5,0.15,0.9,0.812629970628843
6,0.15,0.9,0.824196905263531
2,0.2,0.9,0.692335953450512
3,0.2,0.9,0.811959546635425
4,0.2,0.9,0.753363502720417
5,0.2,0.9,0.832073945767777
6,0.2,0.9,0.777012939456043
2,0.25,0.9,0.462050230631606
3,0.25,0.9,0.809470122156612
4,0.25,0.9,0.718593981908575
5,0.25,0.9,0.794490457301716
6,0.25,0.9,0.751381786571568
2,0.3,0.9,0.807796676162479
3,0.3,0.9,0.851352428123112
4,0.3,0.9,0.726587963387243
5,0.3,0.9,0.770661530838523
6,0.3,0.9,0.683805214764656
2,0.35,0.9,0.893039691121798
3,0.35,0.9,0.882029610272417
4,0.35,0.9,0.743893911852819
5,0.35,0.9,0.653129976337494
6,0.35,0.9,0.694892366233567
2,0.4,0.9,0.953386770091998
3,0.4,0.9,0.902118976638723
4,0.4,0.9,0.736287529992255
5,0.4,0.9,0.640764534784643
6,0.4,0.9,0.639133954129278
2,0.45,0.9,0.903606364526242
3,0.45,0.9,0.905292296142963
4,0.45,0.9,0.735096937197975
5,0.45,0.9,0.575610390825582
6,0.45,0.9,0.640891049053982
2,0.5,0.9,0.914393299134065
3,0.5,0.9,0.897943493000328
4,0.5,0.9,0.696547714962885
5,0.5,0.9,0.603514153023474
6,0.5,0.9,0.647416151778102
2,0.55,0.9,0.930450595482216
3,0.55,0.9,0.868219194357391
4,0.55,0.9,0.585581112714663
5,0.55,0.9,0.63580960488688
6,0.55,0.9,0.632397282715941
2,0.6,0.9,0.944788609038943
3,0.6,0.9,0.837261911965916
4,0.6,0.9,0.646343781993293
5,0.6,0.9,0.623702527771438
6,0.6,0.9,0.599217420468963
2,0.65,0.9,0.942069184737004
3,0.65,0.9,0.822533662446572
4,0.65,0.9,0.70711054164898
5,0.65,0.9,0.644433879320218
6,0.65,0.9,0.575898155554818
2,0.7,0.9,0.906827726756828
3,0.7,0.9,0.790376437280402
4,0.7,0.9,0.714362816757785
5,0.7,0.9,0.619872705711653
6,0.7,0.9,0.631244135134098
2,0.75,0.9,0.913893695670541
3,0.75,0.9,0.735599349997438
4,0.75,0.9,0.760832511219226
5,0.75,0.9,0.697698425153168
6,0.75,0.9,0.682309961434401
2,0.8,0.9,0.916441577945805
3,0.8,0.9,0.704235796403368
4,0.8,0.9,0.753760529323219
5,0.8,0.9,0.678801455685124
6,0.8,0.9,0.674211129679545
2,0.85,0.9,0.900394141331821
3,0.85,0.9,0.728601932503344
4,0.85,0.9,0.736088164287751
5,0.85,0.9,0.67525345572924
6,0.85,0.9,0.681698889326749
2,0.9,0.9,0.885625264728838
3,0.9,0.9,0.72468188851946
4,0.9,0.9,0.704452731855496
5,0.9,0.9,0.678967792016953
6,0.9,0.9,0.71359428413567
2,0.95,0.9,0.886614566932617
3,0.95,0.9,0.790195417006701
4,0.95,0.9,0.722730512476509
5,0.95,0.9,0.685002057574153
6,0.95,0.9,0.693633811246096
2,1,0.9,0.873526689847756
3,1,0.9,0.829605064770341
4,1,0.9,0.683555512921956
5,1,0.9,0.667509080166355
6,1,0.9,0.710314884784235
2,0,0.95,0.863381659151662
3,0,0.95,0.671255985387902
4,0,0.95,0.62921272807777
5,0,0.95,0.769329036729643
6,0,0.95,0.765035766631334
2,0.05,0.95,0.859890189349071
3,0.05,0.95,0.476226745562969
4,0.05,0.95,0.77703205796946
5,0.05,0.95,0.79982961270779
6,0.05,0.95,0.76499313902011
2,0.1,0.95,0.871355743448575
3,0.1,0.95,0.633553975564287
4,0.1,0.95,0.723410633036656
5,0.1,0.95,0.84353119953049
6,0.1,0.95,0.812967353266289
2,0.15,0.95,0.786465852494465
3,0.15,0.95,0.772394059885225
4,0.15,0.95,0.713649225734731
5,0.15,0.95,0.802734597250282
6,0.15,0.95,0.799563524312603
2,0.2,0.95,0.676608676335165
3,0.2,0.95,0.778137190982196
4,0.2,0.95,0.746184969786514
5,0.2,0.95,0.824956641252228
6,0.2,0.95,0.780590944055381
2,0.25,0.95,0.414540659170746
3,0.25,0.95,0.807408455926475
4,0.25,0.95,0.747194547631364
5,0.25,0.95,0.785037583154645
6,0.25,0.95,0.724088062255126
2,0.3,0.95,0.877012833115307
3,0.3,0.95,0.851757915489923
4,0.3,0.95,0.755906818581595
5,0.3,0.95,0.727429905897033
6,0.3,0.95,0.706099082413149
2,0.35,0.95,0.940102349356979
3,0.35,0.95,0.885433834908407
4,0.35,0.95,0.78553552423992
5,0.35,0.95,0.658042454631585
6,0.35,0.95,0.654010708137713
2,0.4,0.95,0.944202611934599
3,0.4,0.95,0.889541620993392
4,0.4,0.95,0.787583592872655
5,0.4,0.95,0.565473857049092
6,0.4,0.95,0.661707155719205
2,0.45,0.95,0.944382844098578
3,0.45,0.95,0.900944844708757
4,0.45,0.95,0.766339986379755
5,0.45,0.95,0.57920011694567
6,0.45,0.95,0.66267594765758
2,0.5,0.95,0.922343970588093
3,0.5,0.95,0.895851318190679
4,0.5,0.95,0.732264678119008
5,0.5,0.95,0.646954111872914
6,0.5,0.95,0.656926907619869
2,0.55,0.95,0.926623665236629
3,0.55,0.95,0.8585419108127
4,0.55,0.95,0.626052199277716
5,0.55,0.95,0.664253466599147
6,0.55,0.95,0.612902290465846
2,0.6,0.95,0.91545651758811
3,0.6,0.95,0.817669347238171
4,0.6,0.95,0.692136369265686
5,0.6,0.95,0.66439191590982
6,0.6,0.95,0.60725131096834
2,0.65,0.95,0.935176657477138
3,0.65,0.95,0.796424272460411
4,0.65,0.95,0.670596714639553
5,0.65,0.95,0.581501417784472
6,0.65,0.95,0.645604287398878
2,0.7,0.95,0.881075312012551
3,0.7,0.95,0.746094797163881
4,0.7,0.95,0.718058269486913
5,0.7,0.95,0.636927415474748
6,0.7,0.95,0.661319210268884
2,0.75,0.95,0.921737522679305
3,0.75,0.95,0.703487413632527
4,0.75,0.95,0.767868294527663
5,0.75,0.95,0.660762026921121
6,0.75,0.95,0.686803465944838
2,0.8,0.95,0.873256215549285
3,0.8,0.95,0.745877301379054
4,0.8,0.95,0.724729968441761
5,0.8,0.95,0.701814429033867
6,0.8,0.95,0.718878448400344
2,0.85,0.95,0.89392315871275
3,0.85,0.95,0.801202385060915
4,0.85,0.95,0.71822552221821
5,0.85,0.95,0.68888627182757
6,0.85,0.95,0.737418916147077
2,0.9,0.95,0.920401321888991
3,0.9,0.95,0.773742167555712
4,0.9,0.95,0.62885232201241
5,0.9,0.95,0.662880864362597
6,0.9,0.95,0.689272642458857
2,0.95,0.95,0.860138903121554
3,0.95,0.95,0.805207082733817
4,0.95,0.95,0.644899079144149
5,0.95,0.95,0.678874295575157
6,0.95,0.95,0.69422692644403
2,1,0.95,0.895906017906825
3,1,0.95,0.841764647726126
4,1,0.95,0.711294576544857
5,1,0.95,0.692338237862535
6,1,0.95,0.696145133426067
2,0,1,0.794785762161967
3,0,1,0.591918004410936
4,0,1,0.584039392613625
5,0,1,0.726943104991108
6,0,1,0.763622247868292
2,0.05,1,0.795936017248681
3,0.05,1,0.553950772852437
4,0.05,1,0.801397384429086
5,0.05,1,0.807995041034735
6,0.05,1,0.745199101225631
2,0.1,1,0.80707922351695
3,0.1,1,0.591621461983554
4,0.1,1,0.785514834323204
5,0.1,1,0.832012049629407
6,0.1,1,0.779916588209097
2,0.15,1,0.738313965408046
3,0.15,1,0.765867899967286
4,0.15,1,0.697264254350469
5,0.15,1,0.821981283316667
6,0.15,1,0.776120425853631
2,0.2,1,0.587899483094517
3,0.2,1,0.792190976778228
4,0.2,1,0.72388321962257
5,0.2,1,0.826280170099073
6,0.2,1,0.768167626311965
2,0.25,1,0.665483806704678
3,0.25,1,0.809379481009699
4,0.25,1,0.707340430234865
5,0.25,1,0.79687033092834
6,0.25,1,0.72032929900322
2,0.3,1,0.882686571294691
3,0.3,1,0.854917504691758
4,0.3,1,0.777582966989499
5,0.3,1,0.772702162059076
6,0.3,1,0.68522199200526
2,0.35,1,0.897623620591512
3,0.35,1,0.893960488090932
4,0.35,1,0.792610780038995
5,0.35,1,0.69058736398548
6,0.35,1,0.666050830478104
2,0.4,1,0.880518639916628
3,0.4,1,0.890921231032878
4,0.4,1,0.753415547553166
5,0.4,1,0.673287634382778
6,0.4,1,0.577697282847201
2,0.45,1,0.882317581436194
3,0.45,1,0.886692165292422
4,0.45,1,0.756259504055948
5,0.45,1,0.63843648097752
6,0.45,1,0.651196481024846
2,0.5,1,0.878718398275335
3,0.5,1,0.86546497597444
4,0.5,1,0.73333840864373
5,0.5,1,0.656182535804296
6,0.5,1,0.64374819916558
2,0.55,1,0.872912590570789
3,0.55,1,0.865885707316643
4,0.55,1,0.665452162224152
5,0.55,1,0.660351782228051
6,0.55,1,0.624080121472432
2,0.6,1,0.886431674838801
3,0.6,1,0.8082456863777
4,0.6,1,0.674691800850734
5,0.6,1,0.659952001260845
6,0.6,1,0.666197923031756
2,0.65,1,0.878580097932287
3,0.65,1,0.77178451560228
4,0.65,1,0.701227801937009
5,0.65,1,0.619634322127206
6,0.65,1,0.645383069296681
2,0.7,1,0.870660108026409
3,0.7,1,0.704331164144352
4,0.7,1,0.732402548568896
5,0.7,1,0.64585963837186
6,0.7,1,0.654067392680009
2,0.75,1,0.887263964492241
3,0.75,1,0.75771301407958
4,0.75,1,0.724638354673888
5,0.75,1,0.68160713106492
6,0.75,1,0.70585870948979
2,0.8,1,0.903712401138856
3,0.8,1,0.795800569267339
4,0.8,1,0.685188591257779
5,0.8,1,0.700406400921877
6,0.8,1,0.742911899043217
2,0.85,1,0.889764451491364
3,0.85,1,0.796769957011337
4,0.85,1,0.698707564631344
5,0.85,1,0.702865060676948
6,0.85,1,0.739646106153508
2,0.9,1,0.849519308545295
3,0.9,1,0.785148940030771
4,0.9,1,0.666413774461996
5,0.9,1,0.681892820264228
6,0.9,1,0.678765151052963
2,0.95,1,0.86914090049301
3,0.95,1,0.824169709356652
4,0.95,1,0.688632703811289
5,0.95,1,0.672152122231258
6,0.95,1,0.673146452461032
2,1,1,0.851500343022173
3,1,1,0.838274723660923
4,1,1,0.709147813724687
5,1,1,0.698884290257855
6,1,1,0.674347805934861
